path,bytes,sha256,role
Pretrained_models/BiophysML/refbuild_biophysml_jg8f/ens2_manifest.json,1647,14d63faf9f057d54adc679817be55a11e1f600aed0f0a66ed300f4f12b8a5d73,model_checkpoint
Pretrained_models/BiophysML/refbuild_biophysml_jg8f/exc_ens2_pub.pt,606769,72ee29aa5414b62b4cbccbe83be94628108e0c957f55fd6d30b17d880478e054,model_checkpoint
Pretrained_models/BiophysML/refbuild_biophysml_jg8f/saved_model/C_260430113832_dsets0_60.0Hz_Raw_UNet_MSE_Epoch3770.pt,606769,72ee29aa5414b62b4cbccbe83be94628108e0c957f55fd6d30b17d880478e054,model_checkpoint
Pretrained_models/BiophysML/refbuild_biophysml_jg8m_bm0p05/ens2_manifest.json,3130,92889342607ece049f8159726838e4542b4d49ee34715cad361a9db7569dd2ef,model_checkpoint
Pretrained_models/BiophysML/refbuild_biophysml_jg8m_bm0p05/exc_ens2_pub.pt,606769,a39497bc5216d97f56c83ae0842b47577aa631dd8fc50bc5c5ccc8040cc3bc72,model_checkpoint
Pretrained_models/BiophysML/refbuild_biophysml_jg8m_bm0p05/saved_model/C_260501134233_dsets0_60.0Hz_Raw_UNet_MSE_Epoch2858.pt,606769,a39497bc5216d97f56c83ae0842b47577aa631dd8fc50bc5c5ccc8040cc3bc72,model_checkpoint
Pretrained_models/CASCADE/Cascade_Universal_30Hz/Model_NoiseLevel_2_Ensemble_0.keras,173331,1dc8018859e854d5f6be758f4195746a95e806c6aef7ff3eeaa699d8b9b6d64a,model_checkpoint
Pretrained_models/CASCADE/Cascade_Universal_30Hz/Model_NoiseLevel_2_Ensemble_1.keras,173355,4d0c35f00f0f0b1d1251ddd8b681a17addcfc10a5420719851fe9984a5a21b79,model_checkpoint
Pretrained_models/CASCADE/Cascade_Universal_30Hz/Model_NoiseLevel_2_Ensemble_2.keras,173355,fa4baa75ace9747021171b651e09440d1ea4301fb0280e59319130e864d55f44,model_checkpoint
Pretrained_models/CASCADE/Cascade_Universal_30Hz/Model_NoiseLevel_2_Ensemble_3.keras,173361,313b5dbbffd96b914d5a1a134cc7aaecfe7feb24da6f72029c10fe3dade15d3f,model_checkpoint
Pretrained_models/CASCADE/Cascade_Universal_30Hz/Model_NoiseLevel_2_Ensemble_4.keras,173364,f70c91415feef91e52fec8f458bcd2703b95af2a0a1a12c96b19a0a7518801c8,model_checkpoint
Pretrained_models/CASCADE/Cascade_Universal_30Hz/Model_NoiseLevel_3_Ensemble_0.keras,173377,90e3f53fd4940c6704d450e6950321905482b269dbdd41af41052ffc4b3ebc38,model_checkpoint
Pretrained_models/CASCADE/Cascade_Universal_30Hz/Model_NoiseLevel_3_Ensemble_1.keras,173377,34f66fba04a1673ec83978a2aa8ccc87f6558edbc37f52a3a8d657cec6f0cf43,model_checkpoint
Pretrained_models/CASCADE/Cascade_Universal_30Hz/Model_NoiseLevel_3_Ensemble_2.keras,173377,f15a5b113e49632df243cb9fdf451dd6bcca6276edae2b6805300739c4557ec8,model_checkpoint
Pretrained_models/CASCADE/Cascade_Universal_30Hz/Model_NoiseLevel_3_Ensemble_3.keras,173377,0279a0a218183237c39ab9367b07553d54c8d2d1a688b4ce0cb5358d9b68128f,model_checkpoint
Pretrained_models/CASCADE/Cascade_Universal_30Hz/Model_NoiseLevel_3_Ensemble_4.keras,173381,e0e14dc74ce717e9a350c62384e426aa85e27bbbcf505cf095d2a009b4d5fd69,model_checkpoint
Pretrained_models/CASCADE/Cascade_Universal_30Hz/Model_NoiseLevel_4_Ensemble_0.keras,173384,5792dc5e2269d7ff5f81307163cdf2f41a986fc868e653aeca3d5de0d5b6e018,model_checkpoint
Pretrained_models/CASCADE/Cascade_Universal_30Hz/Model_NoiseLevel_4_Ensemble_1.keras,173384,cda9a6b569d496205a8d37091214b5f7190dc927d71c76f83dbba63056f40e39,model_checkpoint
Pretrained_models/CASCADE/Cascade_Universal_30Hz/Model_NoiseLevel_4_Ensemble_2.keras,173384,93b4adbd48eeff5c943572735fd5b09bc578ba33353e2a5aafcccefc25ddfad5,model_checkpoint
Pretrained_models/CASCADE/Cascade_Universal_30Hz/Model_NoiseLevel_4_Ensemble_3.keras,173384,71dce09621cb293d7e10ff03bc54a492b4dcc6a5cbcadcab28fba79901a1a3b9,model_checkpoint
Pretrained_models/CASCADE/Cascade_Universal_30Hz/Model_NoiseLevel_4_Ensemble_4.keras,173384,c735223e284f9079f64b553dfb31119caa58a0f146c4ac3dc2865883e40d0592,model_checkpoint
Pretrained_models/CASCADE/Cascade_Universal_30Hz/Model_NoiseLevel_5_Ensemble_0.keras,173384,5f2ff4b23f2e88e9ba7d9f2f3a19552a7692afbce39b11cc568dfb656026c0c0,model_checkpoint
Pretrained_models/CASCADE/Cascade_Universal_30Hz/Model_NoiseLevel_5_Ensemble_1.keras,173384,1659bd51ad525121cd35fe968e808c2487da9ad417c66ac04e8b66b26327779e,model_checkpoint
Pretrained_models/CASCADE/Cascade_Universal_30Hz/Model_NoiseLevel_5_Ensemble_2.keras,173384,631d08276608464d86780a9bff2462e9e584ff3bbcc2a3edfa94f2418b9625f1,model_checkpoint
Pretrained_models/CASCADE/Cascade_Universal_30Hz/Model_NoiseLevel_5_Ensemble_3.keras,173384,67f0e906dd93aafb3044ab30d6a854a3bf091f65eb2a8a604adb626d94ee3e4e,model_checkpoint
Pretrained_models/CASCADE/Cascade_Universal_30Hz/Model_NoiseLevel_5_Ensemble_4.keras,173384,cfa203feb6336d3d54df503e944affe809b5dfd70240ab2a5f2185c4bbb5b732,model_checkpoint
Pretrained_models/CASCADE/Cascade_Universal_30Hz/Model_NoiseLevel_6_Ensemble_0.keras,173384,cfeea411c2e2da1b901df0808f70e57a1545950f1ee12c88e3c556f41ed44cfa,model_checkpoint
Pretrained_models/CASCADE/Cascade_Universal_30Hz/Model_NoiseLevel_6_Ensemble_1.keras,173384,629a80b3e78ce1c2c56afb91178c9d9ff22b53a8dde7a69e36131cb5955e444e,model_checkpoint
Pretrained_models/CASCADE/Cascade_Universal_30Hz/Model_NoiseLevel_6_Ensemble_2.keras,173384,e27abcaca1285eb33c5f22adc7081d9bce72f23f9043b2608a1f67b32f580da0,model_checkpoint
Pretrained_models/CASCADE/Cascade_Universal_30Hz/Model_NoiseLevel_6_Ensemble_3.keras,173384,22fcaad06fe712a7e043ce87da975b0180b10cb014eda2beaaa2b4880c99836f,model_checkpoint
Pretrained_models/CASCADE/Cascade_Universal_30Hz/Model_NoiseLevel_6_Ensemble_4.keras,173384,f9d016b5ac47807d85452de9601831ef5eb04da8b1eb770dca5fae6d3e9b5d2e,model_checkpoint
Pretrained_models/CASCADE/Cascade_Universal_30Hz/Model_NoiseLevel_7_Ensemble_0.keras,173384,7deddde820bd16d7411122f513ca57df6d751dbeda753c49add1f04d5f6edcdc,model_checkpoint
Pretrained_models/CASCADE/Cascade_Universal_30Hz/Model_NoiseLevel_7_Ensemble_1.keras,173384,f1aed3d735ec711a6b6264068fcacad6bd5f75b580844767a31b609358a63c33,model_checkpoint
Pretrained_models/CASCADE/Cascade_Universal_30Hz/Model_NoiseLevel_7_Ensemble_2.keras,173384,61693c1b79fcb040b4e4d814bf3d5f5fc4814f4ffd4144043b5095e9d73006c4,model_checkpoint
Pretrained_models/CASCADE/Cascade_Universal_30Hz/Model_NoiseLevel_7_Ensemble_4.keras,173384,632b7e387cb0303b765f1e0acefdd1b4e775b173ef28feb33184359aab598c1f,model_checkpoint
Pretrained_models/CASCADE/Cascade_Universal_30Hz/Model_NoiseLevel_8_Ensemble_0.keras,173384,40b2acc75b2f03fa9a1dd9c56ba8dd2f657dac588e1f00a0f0868d2fd5433d9a,model_checkpoint
Pretrained_models/CASCADE/Cascade_Universal_30Hz/Model_NoiseLevel_8_Ensemble_1.keras,173384,84eb48a50d877545f57cd1b460df92c59d901318862ec43fc7baaef4b59d428e,model_checkpoint
Pretrained_models/CASCADE/Cascade_Universal_30Hz/Model_NoiseLevel_8_Ensemble_2.keras,173384,684e2155851a9a035030eeeeaac3d09e517b6aca87b492145622b1fe2bfaf4a2,model_checkpoint
Pretrained_models/CASCADE/Cascade_Universal_30Hz/Model_NoiseLevel_8_Ensemble_3.keras,173390,1c4bcede4c2d06d8f3117018c8060abbdeae7ac6aea2740f3b5474d94c01c544,model_checkpoint
Pretrained_models/CASCADE/Cascade_Universal_30Hz/Model_NoiseLevel_8_Ensemble_4.keras,173393,66f359d6a9a6a4eef48148136b586e5b818826df3837ef375d2005fb0f938917,model_checkpoint
Pretrained_models/CASCADE/Cascade_Universal_30Hz/config.yaml,2127,220a14ac93c6e892e84ac9d7de768a4ed3ed5a9cda5810b788be9738003834ff,model_checkpoint
Pretrained_models/CASCADE/universal_p_cascade_exc_30/Model_NoiseLevel_2_Ensemble_0.keras,173301,353136c2b2db05a9179276c0571a21cde883399f26cb6407d5f2f40617a487c4,model_checkpoint
Pretrained_models/CASCADE/universal_p_cascade_exc_30/Model_NoiseLevel_2_Ensemble_1.keras,173327,15747774493318583ca31fd045f95f9097728748ff9a0c7a68ef8770317836fa,model_checkpoint
Pretrained_models/CASCADE/universal_p_cascade_exc_30/Model_NoiseLevel_2_Ensemble_2.keras,173327,2c8cc07b14118eddc7069d201661a26d2fda9062712a3bea81e3f6bb3917a944,model_checkpoint
Pretrained_models/CASCADE/universal_p_cascade_exc_30/Model_NoiseLevel_2_Ensemble_3.keras,173333,ad0746199c4bd1cf9173174e424a600ae45a8c7575804449223a096749fc8e30,model_checkpoint
Pretrained_models/CASCADE/universal_p_cascade_exc_30/Model_NoiseLevel_2_Ensemble_4.keras,173336,681ae5597a1a54469dc039f5681603b366551b5865db7465781dc2bb60429f9f,model_checkpoint
Pretrained_models/CASCADE/universal_p_cascade_exc_30/Model_NoiseLevel_3_Ensemble_0.keras,173348,dc898472f1a6662e025d373dacecd1c9d34a63ca89d4ab2eb554d84fd2252022,model_checkpoint
Pretrained_models/CASCADE/universal_p_cascade_exc_30/Model_NoiseLevel_3_Ensemble_1.keras,173348,25498ccadd74d80e91b1ba73fa5722d0d7197243111f223b1691ed1a2cd5de00,model_checkpoint
Pretrained_models/CASCADE/universal_p_cascade_exc_30/Model_NoiseLevel_3_Ensemble_2.keras,173348,0a8b68b7de7cebdb13e9ac4f04300dd7a69ea33fb0e832df4dd0468ab88b18dc,model_checkpoint
Pretrained_models/CASCADE/universal_p_cascade_exc_30/Model_NoiseLevel_3_Ensemble_3.keras,173348,ae9b665753c9902ecc0b143a16bc6a117cb49a641370eb5888b3d32191fdcde2,model_checkpoint
Pretrained_models/CASCADE/universal_p_cascade_exc_30/Model_NoiseLevel_3_Ensemble_4.keras,173352,c8177c7f341d5740216cf30cd0e14bc2eb7722cf53d919d4b1287cdd04fc2196,model_checkpoint
Pretrained_models/CASCADE/universal_p_cascade_exc_30/Model_NoiseLevel_4_Ensemble_0.keras,173356,bf3095abe41b89739f053e6fb6f61aabc00047358e3768918c6fe7fedb8b2b5a,model_checkpoint
Pretrained_models/CASCADE/universal_p_cascade_exc_30/Model_NoiseLevel_4_Ensemble_1.keras,173356,137470d551c044ad22b749d891cbde3c9bbb54f0b907e78cef913024af0cf886,model_checkpoint
Pretrained_models/CASCADE/universal_p_cascade_exc_30/Model_NoiseLevel_4_Ensemble_2.keras,173356,31d7e9569a65c3883247f7690f90ea2a76841b36e5ec00b4961c83b89747ab22,model_checkpoint
Pretrained_models/CASCADE/universal_p_cascade_exc_30/Model_NoiseLevel_4_Ensemble_3.keras,173356,ba9197a10ccc2023e6b297f09c71382ff6a69bfbd8d0edb80f7d97f821848795,model_checkpoint
Pretrained_models/CASCADE/universal_p_cascade_exc_30/Model_NoiseLevel_4_Ensemble_4.keras,173356,9752c4d546f44c630ae5866f0b3b8d618af495899733efba5674a253da46002d,model_checkpoint
Pretrained_models/CASCADE/universal_p_cascade_exc_30/Model_NoiseLevel_5_Ensemble_0.keras,173356,9eacc264e8cbef59df4945826487d50614382c7ec1e2633b3ebb41ce9057344c,model_checkpoint
Pretrained_models/CASCADE/universal_p_cascade_exc_30/Model_NoiseLevel_5_Ensemble_1.keras,173356,74bde26fd78c0272b53e266b15560b977ebcc00fd5a5f914c946739d108a4b59,model_checkpoint
Pretrained_models/CASCADE/universal_p_cascade_exc_30/Model_NoiseLevel_5_Ensemble_2.keras,173356,75cf83ff6cc4ac6397070edb9bfe6522e10bc96aef5df375a303473fc422c976,model_checkpoint
Pretrained_models/CASCADE/universal_p_cascade_exc_30/Model_NoiseLevel_5_Ensemble_3.keras,173356,ea0580a72d951bf833177cf4dccfeaca87485f5f6711a4f7af456e2ab46abb6c,model_checkpoint
Pretrained_models/CASCADE/universal_p_cascade_exc_30/Model_NoiseLevel_5_Ensemble_4.keras,173356,45350f6792a6a6a0f31aff30c3028277c892d8f62040922f30157c8eed3a5dbc,model_checkpoint
Pretrained_models/CASCADE/universal_p_cascade_exc_30/Model_NoiseLevel_6_Ensemble_0.keras,173356,bee8c9b886409f7ded32081ded65c3a9b77e9dec7f16c0e0248c9c88063b1bef,model_checkpoint
Pretrained_models/CASCADE/universal_p_cascade_exc_30/Model_NoiseLevel_6_Ensemble_1.keras,173356,9013672264c88fe5577405406f1d5f165210353f39e8ce6489ffa2e86a821728,model_checkpoint
Pretrained_models/CASCADE/universal_p_cascade_exc_30/Model_NoiseLevel_6_Ensemble_2.keras,173356,3bb4d74c691fd67d6a14c20f984de7a838c1158131a078a61ef51f5008d316ac,model_checkpoint
Pretrained_models/CASCADE/universal_p_cascade_exc_30/Model_NoiseLevel_6_Ensemble_3.keras,173356,182fca64d2077f971c6ae5300ea124bd54cad37b2e7de281f490ba04fc0f41da,model_checkpoint
Pretrained_models/CASCADE/universal_p_cascade_exc_30/Model_NoiseLevel_6_Ensemble_4.keras,173356,a663505618769ebadd9ecaee5c9ad3d3a803a7c3ceb013e417fe9bd463eb72fc,model_checkpoint
Pretrained_models/CASCADE/universal_p_cascade_exc_30/Model_NoiseLevel_7_Ensemble_0.keras,173356,959eeab5a942d90aded47dcdd751340ff0b5a1a1f3697b09b6494a0c9e236d3b,model_checkpoint
Pretrained_models/CASCADE/universal_p_cascade_exc_30/Model_NoiseLevel_7_Ensemble_1.keras,173356,b48cfabeb99a4a43d536b39de6dbf004c239eefe0517c7c45ed627fe1f87f900,model_checkpoint
Pretrained_models/CASCADE/universal_p_cascade_exc_30/Model_NoiseLevel_7_Ensemble_2.keras,173356,05c3810e2509f92d25ccb3aa0777dccc76084b73786b9e0f87a5331f453f9638,model_checkpoint
Pretrained_models/CASCADE/universal_p_cascade_exc_30/Model_NoiseLevel_7_Ensemble_3.keras,173356,ac306367256fbb63f9999ab067864c2581f8d0aa13f60ab838c2fda0d189f56b,model_checkpoint
Pretrained_models/CASCADE/universal_p_cascade_exc_30/Model_NoiseLevel_7_Ensemble_4.keras,173356,7d2634af9c0e035cf3dccde11116f8c4878bf4c058eaadcd8da7260c2fd40d37,model_checkpoint
Pretrained_models/CASCADE/universal_p_cascade_exc_30/Model_NoiseLevel_8_Ensemble_0.keras,173356,2f482e777c7168b9f75e138f48560b2bd6fdfa6c62fc8ed170bdc69b91c3c761,model_checkpoint
Pretrained_models/CASCADE/universal_p_cascade_exc_30/Model_NoiseLevel_8_Ensemble_1.keras,173356,144ad85cff797b0485328d39b61b1e8563f1100c04de3894d40175b1d0d1a407,model_checkpoint
Pretrained_models/CASCADE/universal_p_cascade_exc_30/Model_NoiseLevel_8_Ensemble_2.keras,173356,91ab94b02cfe0dbd54fa74e3a174190d49f76e797132910d975ea6faabed96f8,model_checkpoint
Pretrained_models/CASCADE/universal_p_cascade_exc_30/Model_NoiseLevel_8_Ensemble_3.keras,173362,2412ec5b2210abb95743fa4eb449c08ed99e16dd76af23df53b9f724faa3ec3c,model_checkpoint
Pretrained_models/CASCADE/universal_p_cascade_exc_30/Model_NoiseLevel_8_Ensemble_4.keras,173365,b1b57dc41a8090a078d919a3ae58fa4afd7401f0ad0412b80f3a2dcb1deceb86,model_checkpoint
Pretrained_models/CASCADE/universal_p_cascade_exc_30/config.yaml,2146,e6abed1237d42170f95a7843b3d031522fbd118624564e18c51e8979b338db3a,model_checkpoint
Pretrained_models/ENS2/ens2_published/exc_ens2_pub.pt,601055,424210b14e42d8d1d7cea6b58f924a6af0b21546612d2404df31bce1ea8f3051,model_checkpoint
Pretrained_models/ENS2/ens2_published/inh_ens2_pub.pt,601055,3f2e4b35545db29626f10369c9f64949bcd059c2310ac5bbc36894adddaa6692,model_checkpoint
README.md,3050,59e045214110d3d3d34622ef97249edd4d653e18e8d38cc3134c99fc72097678,data_documentation
parameter_files/constants_GCaMP8_soma.json,1311,cbab4a5aa06004ec9e814b465a7870cdcadbbd80d621c89eb8d0039b28e965e7,parameter_file
parameter_files/constants_GCaMP8m_soma.json,1312,c9eaaa5b416ab2c88c3f270ac009eb3190ecb1bb10e40e579fa5f14c985c645f,parameter_file
pgas_parameters/20230525_gold.dat,274,1280692b5bc842d0d0f8effa17dcd6bdf5eb9cfa856d2c41aab85337a1cb3883,parameter_file
pgas_parameters/20251207_jG8m_params.dat,271,56e70aebdd607af824d5e0b8478825a8416ca0076adb6766b6e785e9095fa187,parameter_file
pgas_parameters/20251210_Janelia_8f_params.dat,289,7b6a089fcc68611798e4473731f7ecc25f206cceaeae24ebdbb30c9e4acc6e03,parameter_file
reference_inputs/biophys_ml/Ground_truth/synth_jGCaMP8f_ANM478349_cell04_sraw_ms2_rsraw_bm0p03_trial0/rate=12.0param=2.0_0.45_seed11000_CAttached_jGCaMP8f_471993_1_mini.mat,951768,b2b767d39f1c65b5720ae060e408e8c1310efa03060a780c0fe137cf2a16b3ba,reference_input
reference_inputs/biophys_ml/Ground_truth/synth_jGCaMP8f_ANM478349_cell04_sraw_ms2_rsraw_bm0p03_trial0/rate=12.0param=2.0_0.45_seed11000_CAttached_jGCaMP8f_471993_2_mini.mat,1302600,47dbe2498e4988471adc6c9f2f965216e487701abbec034b8c55db75efb2aac1,reference_input
reference_inputs/biophys_ml/Ground_truth/synth_jGCaMP8f_ANM478349_cell04_sraw_ms2_rsraw_bm0p03_trial0/rate=12.0param=2.0_0.45_seed11000_CAttached_jGCaMP8f_471993_3_mini.mat,1418664,f2ea0ef8c839e540ef0e5eb889f261f394d882813edf767a1fe9111568f29e2f,reference_input
reference_inputs/biophys_ml/Ground_truth/synth_jGCaMP8f_ANM478349_cell04_sraw_ms2_rsraw_bm0p03_trial0/rate=12.0param=2.0_0.45_seed11000_CAttached_jGCaMP8f_471994_1_mini.mat,108488,69c21c1b41384047b2671c7e82c9993ceda12531ce2d0ef272f6c7233bbe0f79,reference_input
reference_inputs/biophys_ml/Ground_truth/synth_jGCaMP8f_ANM478349_cell04_sraw_ms2_rsraw_bm0p03_trial0/rate=12.0param=2.0_0.45_seed11000_CAttached_jGCaMP8f_471994_2_mini.mat,809712,f2f002837d89f250ce82cf8c2d6b5ef56060d0dd7521694d7a7af1b217db565d,reference_input
reference_inputs/biophys_ml/Ground_truth/synth_jGCaMP8f_ANM478349_cell04_sraw_ms2_rsraw_bm0p03_trial0/rate=12.0param=2.0_0.45_seed11000_CAttached_jGCaMP8f_471994_3_mini.mat,262360,7c48b23b644c733866089985dbdb623bf2eaccd2b0c358ea18c98c93e15d7bb7,reference_input
reference_inputs/biophys_ml/Ground_truth/synth_jGCaMP8f_ANM478349_cell04_sraw_ms2_rsraw_bm0p03_trial0/rate=12.0param=2.0_0.45_seed11000_CAttached_jGCaMP8f_471994_4_mini.mat,366136,290aa581ff3631ec3c288f064eef820d5b94b60b2d9e855a650db48322d7d250,reference_input
reference_inputs/biophys_ml/Ground_truth/synth_jGCaMP8f_ANM478349_cell04_sraw_ms2_rsraw_bm0p03_trial0/rate=12.0param=2.0_0.45_seed11000_CAttached_jGCaMP8f_471994_5_mini.mat,741672,b2aa29d688fe3cacd4541bb33e28f9d1707b123b7289badc367dd15894c81e3d,reference_input
reference_inputs/biophys_ml/Ground_truth/synth_jGCaMP8f_ANM478349_cell04_sraw_ms2_rsraw_bm0p03_trial0/rate=12.0param=2.0_0.45_seed11000_CAttached_jGCaMP8f_471994_6_mini.mat,227160,0e63509baa1dcc88f3b26e6ee0ca56dc1cb64df675669a177b4b1472197d50b2,reference_input
reference_inputs/biophys_ml/Ground_truth/synth_jGCaMP8f_ANM478349_cell04_sraw_ms2_rsraw_bm0p03_trial0/rate=12.0param=2.0_0.45_seed11000_CAttached_jGCaMP8f_471994_7_mini.mat,706776,652a2de665838f2e985a0b48bdbdc65baef50f21f445eaeb20289cfd686d8b0e,reference_input
reference_inputs/biophys_ml/Ground_truth/synth_jGCaMP8f_ANM478349_cell04_sraw_ms2_rsraw_bm0p03_trial0/rate=12.0param=2.0_0.45_seed11000_CAttached_jGCaMP8f_471994_8_mini.mat,139688,7414135f327782cc808a021adb4169e706b1b39bb8a2c4ebe790e9704cbdd3fb,reference_input
reference_inputs/biophys_ml/Ground_truth/synth_jGCaMP8f_ANM478349_cell04_sraw_ms2_rsraw_bm0p03_trial0/rate=12.0param=2.0_0.45_seed11000_CAttached_jGCaMP8f_478342_1_mini.mat,347888,b2be3689003bc7798afcdb6be8b3fe8e7bd52ccc6bcdffc7fc090b342fef5ddc,reference_input
reference_inputs/biophys_ml/Ground_truth/synth_jGCaMP8f_ANM478349_cell04_sraw_ms2_rsraw_bm0p03_trial0/rate=12.0param=2.0_0.45_seed11000_CAttached_jGCaMP8f_478342_3_mini.mat,445280,218524a64a9cf9ebce6c9a616d3baa087adc326a39225e0b1219036997efaeae,reference_input
reference_inputs/biophys_ml/Ground_truth/synth_jGCaMP8f_ANM478349_cell04_sraw_ms2_rsraw_bm0p03_trial0/rate=12.0param=2.0_0.45_seed11000_CAttached_jGCaMP8f_478348_1_mini.mat,1390400,98b2cea9cc10de5fe93cfcc220b1f5276ad1b5d0c4524f6a98459c94fc6d5c37,reference_input
reference_inputs/biophys_ml/Ground_truth/synth_jGCaMP8f_ANM478349_cell04_sraw_ms2_rsraw_bm0p03_trial0/rate=12.0param=2.0_0.45_seed11000_CAttached_jGCaMP8f_478349_1_mini.mat,691192,41c6e7282e5b259499a39527d0d375ed03801eaa23df6d5361c5d8620fd91539,reference_input
reference_inputs/biophys_ml/Ground_truth/synth_jGCaMP8f_ANM478349_cell04_sraw_ms2_rsraw_bm0p03_trial0/rate=12.0param=2.0_0.45_seed11000_CAttached_jGCaMP8f_478349_2_mini.mat,1011416,3f09cd47649738844d997944eaff4e160d8465abb42c644a4bdfb01a56912cc1,reference_input
reference_inputs/biophys_ml/Ground_truth/synth_jGCaMP8f_ANM478349_cell04_sraw_ms2_rsraw_bm0p03_trial0/rate=12.0param=2.0_0.45_seed11000_CAttached_jGCaMP8f_478349_3_mini.mat,638272,f8d2d4920d7b9c3b4454b5bd09ac4903359aa6697713940b74d7bbcb6e7a64fa,reference_input
reference_inputs/biophys_ml/Ground_truth/synth_jGCaMP8f_ANM478349_cell04_sraw_ms2_rsraw_bm0p03_trial0/rate=12.0param=2.0_0.45_seed11000_CAttached_jGCaMP8f_478349_4_mini.mat,1035136,2c7cd0d3ccac921293d1484e5bade84feb754eda622c0bb99d11f444a31d5e6f,reference_input
reference_inputs/biophys_ml/Ground_truth/synth_jGCaMP8f_ANM478349_cell04_sraw_ms2_rsraw_bm0p03_trial0/rate=12.0param=2.0_0.45_seed11000_CAttached_jGCaMP8f_478349_5_mini.mat,288312,054bfb2e7a1e5fc67d128ea5af2c501baa74f27ea34339d17293cda43ac75415,reference_input
reference_inputs/biophys_ml/Ground_truth/synth_jGCaMP8f_ANM478349_cell04_sraw_ms2_rsraw_bm0p03_trial0/rate=12.0param=2.0_0.45_seed11000_CAttached_jGCaMP8f_478349_7_mini.mat,1164840,17923f842b42a0f9890add838edd7d471820cc48911cf02935f3f369bbdc6003,reference_input
reference_inputs/biophys_ml/Ground_truth/synth_jGCaMP8f_ANM478349_cell04_sraw_ms2_rsraw_bm0p03_trial0/rate=12.0param=2.0_0.45_seed11000_CAttached_jGCaMP8f_478407_1_mini.mat,1593192,350fd9d064b7f1cb775a0bf805df4915807d47a68ac3a393be1a258da0121f32,reference_input
reference_inputs/biophys_ml/Ground_truth/synth_jGCaMP8f_ANM478349_cell04_sraw_ms2_rsraw_bm0p03_trial0/rate=12.0param=2.0_0.45_seed11000_CAttached_jGCaMP8f_478407_2_mini.mat,459208,dc7a88d055b64bae1f3fb8f0640700caf0328a648588659c50b3a4d6e5b2b6c6,reference_input
reference_inputs/biophys_ml/Ground_truth/synth_jGCaMP8f_ANM478349_cell04_sraw_ms2_rsraw_bm0p03_trial0/rate=12.0param=2.0_0.45_seed11000_CAttached_jGCaMP8f_478407_3_mini.mat,659712,8cb1896486f7817bd04599c8ed7a18923916afe177d35cb5c66a5649300f7c8f,reference_input
reference_inputs/biophys_ml/Ground_truth/synth_jGCaMP8f_ANM478349_cell04_sraw_ms2_rsraw_bm0p03_trial0/rate=12.0param=2.0_0.45_seed11000_CAttached_jGCaMP8f_478407_4_mini.mat,488344,467db9bf97d84b58f30458dcbe0d00c3419cb2e20483ab863aa2b0da900f6319,reference_input
reference_inputs/biophys_ml/Ground_truth/synth_jGCaMP8f_ANM478349_cell04_sraw_ms2_rsraw_bm0p03_trial0/rate=12.0param=2.0_0.45_seed11000_CAttached_jGCaMP8f_478407_5_mini.mat,339048,20476ba6b62d589850183b159d19f3309f60bf6ba4157559e84ee2e3040767d2,reference_input
reference_inputs/biophys_ml/Ground_truth/synth_jGCaMP8f_ANM478349_cell04_sraw_ms2_rsraw_bm0p03_trial0/rate=12.0param=2.0_0.45_seed11000_CAttached_jGCaMP8f_478407_7_mini.mat,384560,954f373ea78bb83a260c3793876b3881d4d16387bab7141f79d8726d281cbd01,reference_input
reference_inputs/biophys_ml/Ground_truth/synth_jGCaMP8f_ANM478349_cell04_sraw_ms2_rsraw_bm0p03_trial0/rate=12.0param=2.0_0.45_seed11000_CAttached_jGCaMP8f_478410_1_mini.mat,646512,bd174ff49816fb67b8fe72f8cabe969e8dbfa4f59ffc060c617d0120eaae92d0,reference_input
reference_inputs/biophys_ml/Ground_truth/synth_jGCaMP8f_ANM478349_cell04_sraw_ms2_rsraw_bm0p03_trial0/rate=12.0param=2.0_0.45_seed11000_CAttached_jGCaMP8f_478410_3_mini.mat,1309872,0b76a62284e596b2e917d616cfd2733dfcdd6f5355b319849fccb1ee991ddaa3,reference_input
reference_inputs/biophys_ml/Ground_truth/synth_jGCaMP8f_ANM478349_cell04_sraw_ms2_rsraw_bm0p03_trial0/rate=12.0param=2.0_0.45_seed11000_CAttached_jGCaMP8f_478410_4_mini.mat,308384,36a685d902fa219ef870ad9990fb98f4ec78acc89b1662877b3830ba1844c172,reference_input
reference_inputs/biophys_ml/Ground_truth/synth_jGCaMP8f_ANM478349_cell04_sraw_ms2_rsraw_bm0p03_trial0/rate=12.0param=2.0_0.45_seed11000_CAttached_jGCaMP8f_478410_5_mini.mat,477264,88030c02ed893c548180c69abe4b523bb949018ee803d24f0188833992f39a4b,reference_input
reference_inputs/biophys_ml/Ground_truth/synth_jGCaMP8f_ANM478349_cell04_sraw_ms2_rsraw_bm0p03_trial0/rate=12.0param=2.0_0.45_seed11000_CAttached_jGCaMP8f_478410_6_mini.mat,114800,78368a55022ef0978d62b5ad0e4807bced70d0c10705ceceb05d5ce9466b5929,reference_input
reference_inputs/biophys_ml/Ground_truth/synth_jGCaMP8f_ANM478349_cell04_sraw_ms2_rsraw_bm0p03_trial0/rate=12.0param=2.0_0.45_seed11000_CAttached_jGCaMP8f_478411_1_mini.mat,1222296,c0950d0668d3decf30397a24312379f71a73364ad7ffd8dad1bd0d9152389bf3,reference_input
reference_inputs/biophys_ml/Ground_truth/synth_jGCaMP8f_ANM478349_cell04_sraw_ms2_rsraw_bm0p03_trial0/rate=12.0param=2.0_0.45_seed11000_CAttached_jGCaMP8f_478411_2_mini.mat,681824,3e7627ed3d9508204afc4f591ed80e37813f84cee7d9d539c09aa63d9acfebdb,reference_input
reference_inputs/biophys_ml/Ground_truth/synth_jGCaMP8f_ANM478349_cell04_sraw_ms2_rsraw_bm0p03_trial0/rate=12.0param=2.0_0.45_seed11000_CAttached_jGCaMP8f_478411_3_mini.mat,1052888,4d10ccd78f9e212943db45533c2f5d05d4558580c88b70f172591ee4f9f8fabc,reference_input
reference_inputs/biophys_ml/Ground_truth/synth_jGCaMP8f_ANM478349_cell04_sraw_ms2_rsraw_bm0p03_trial0/rate=12.0param=2.0_0.45_seed11000_CAttached_jGCaMP8f_478411_4_mini.mat,1092960,82fe4d32a2130780d8786c0b5616d8bbc79eeb996bf786b7dae4fcab7daf19e6,reference_input
reference_inputs/biophys_ml/Ground_truth/synth_jGCaMP8f_ANM478349_cell04_sraw_ms2_rsraw_bm0p03_trial0/rate=12.0param=2.0_0.45_seed11000_CAttached_jGCaMP8f_478411_5_mini.mat,331568,35dc456a465be961e1173b4c76c0e7e3c89d958e137febf1c9c0647ba7d0cd37,reference_input
reference_inputs/biophys_ml/Ground_truth/synth_jGCaMP8f_ANM478349_cell04_sraw_ms2_rsraw_bm0p03_trial0/rate=12.0param=2.0_0.45_seed11000_CAttached_jGCaMP8f_478411_6_mini.mat,559944,0e945c3ebecfa7d0ba9c2252e6b87407e6a8e1c813c477b1e724bfbd9b03932d,reference_input
reference_inputs/biophys_ml/Ground_truth/synth_jGCaMP8m_ANM472179_cell02_sraw_ms2_rsraw_bm0p05_trial0/rate=9.0param=2.0_0.45_seed19000_CAttached_jGCaMP8f_471993_1_mini.mat,951448,12f1ab2655beb67a46fca3778be92481c6e2ff46b8d3ed2f257f2186eea9ad12,reference_input
reference_inputs/biophys_ml/Ground_truth/synth_jGCaMP8m_ANM472179_cell02_sraw_ms2_rsraw_bm0p05_trial0/rate=9.0param=2.0_0.45_seed19000_CAttached_jGCaMP8f_471993_2_mini.mat,1299280,1bdd7c6baa026a7180f0064a2c7cd2778650454f838b7eece2d13c21e30665e7,reference_input
reference_inputs/biophys_ml/Ground_truth/synth_jGCaMP8m_ANM472179_cell02_sraw_ms2_rsraw_bm0p05_trial0/rate=9.0param=2.0_0.45_seed19000_CAttached_jGCaMP8f_471993_3_mini.mat,1415496,1bcb03ec000223b25ac76c509372f4f7854974d9244dff6814e38fc81ea0e4b2,reference_input
reference_inputs/biophys_ml/Ground_truth/synth_jGCaMP8m_ANM472179_cell02_sraw_ms2_rsraw_bm0p05_trial0/rate=9.0param=2.0_0.45_seed19000_CAttached_jGCaMP8f_471994_2_mini.mat,808544,574b656323dfb841eb4bbe4a919f2e8e6d734fbda66d62e8c69b38249e3d1eae,reference_input
reference_inputs/biophys_ml/Ground_truth/synth_jGCaMP8m_ANM472179_cell02_sraw_ms2_rsraw_bm0p05_trial0/rate=9.0param=2.0_0.45_seed19000_CAttached_jGCaMP8f_471994_4_mini.mat,365400,605d7aff20cdc5da72fbccfe0e652a7a9e47806be9996bb9f3e3c60bc9920e73,reference_input
reference_inputs/biophys_ml/Ground_truth/synth_jGCaMP8m_ANM472179_cell02_sraw_ms2_rsraw_bm0p05_trial0/rate=9.0param=2.0_0.45_seed19000_CAttached_jGCaMP8f_471994_7_mini.mat,705560,b048f3d205ab2ed2d53f058ecef4a47463fd823df2286bf01cee1d7edae88117,reference_input
reference_inputs/biophys_ml/Ground_truth/synth_jGCaMP8m_ANM472179_cell02_sraw_ms2_rsraw_bm0p05_trial0/rate=9.0param=2.0_0.45_seed19000_CAttached_jGCaMP8f_471994_8_mini.mat,139608,6ff967942bfa2318e7025a43d2875a0eedf1f92506b8f123b2809ebeef9243d0,reference_input
reference_inputs/biophys_ml/Ground_truth/synth_jGCaMP8m_ANM472179_cell02_sraw_ms2_rsraw_bm0p05_trial0/rate=9.0param=2.0_0.45_seed19000_CAttached_jGCaMP8f_478342_3_mini.mat,445160,15fed6007d63c8025748b508cbe1a0b02e04dd13c6986b591d0728a1843c50ab,reference_input
reference_inputs/biophys_ml/Ground_truth/synth_jGCaMP8m_ANM472179_cell02_sraw_ms2_rsraw_bm0p05_trial0/rate=9.0param=2.0_0.45_seed19000_CAttached_jGCaMP8f_478348_1_mini.mat,1389192,a1eb8576fed28d09f071bb8b097ed3dead10fa821d7522513761d582797a86d4,reference_input
reference_inputs/biophys_ml/Ground_truth/synth_jGCaMP8m_ANM472179_cell02_sraw_ms2_rsraw_bm0p05_trial0/rate=9.0param=2.0_0.45_seed19000_CAttached_jGCaMP8f_478349_1_mini.mat,690048,0cb61c4653b34040f90e84dc31c0134318f553b0d6500238ff9c57d416a625a6,reference_input
reference_inputs/biophys_ml/Ground_truth/synth_jGCaMP8m_ANM472179_cell02_sraw_ms2_rsraw_bm0p05_trial0/rate=9.0param=2.0_0.45_seed19000_CAttached_jGCaMP8f_478349_2_mini.mat,1009768,28854d7fe817883b951719d7f94da4125bc88d9dfde998ae6cea79c8c7c62dc3,reference_input
reference_inputs/biophys_ml/Ground_truth/synth_jGCaMP8m_ANM472179_cell02_sraw_ms2_rsraw_bm0p05_trial0/rate=9.0param=2.0_0.45_seed19000_CAttached_jGCaMP8f_478349_4_mini.mat,1033448,0d3a648a6f423feaf1e4bfa51b7758273b44ea7b6b5358dce14bc69a4bf71c4b,reference_input
reference_inputs/biophys_ml/Ground_truth/synth_jGCaMP8m_ANM472179_cell02_sraw_ms2_rsraw_bm0p05_trial0/rate=9.0param=2.0_0.45_seed19000_CAttached_jGCaMP8f_478349_7_mini.mat,1163152,fa886284fdece2c69b880075cde632adb0e3f3b106ebe1e992796ffaeaf76792,reference_input
reference_inputs/biophys_ml/Ground_truth/synth_jGCaMP8m_ANM472179_cell02_sraw_ms2_rsraw_bm0p05_trial0/rate=9.0param=2.0_0.45_seed19000_CAttached_jGCaMP8f_478407_2_mini.mat,458160,576fb604c457612eb92f393aeb70a376234d8693d87a064f9643a1b1a1a47185,reference_input
reference_inputs/biophys_ml/Ground_truth/synth_jGCaMP8m_ANM472179_cell02_sraw_ms2_rsraw_bm0p05_trial0/rate=9.0param=2.0_0.45_seed19000_CAttached_jGCaMP8f_478407_3_mini.mat,659344,18edf4b8af05b2ce188a7e4411656c60a05482af599d4909cad6a2b919d69477,reference_input
reference_inputs/biophys_ml/Ground_truth/synth_jGCaMP8m_ANM472179_cell02_sraw_ms2_rsraw_bm0p05_trial0/rate=9.0param=2.0_0.45_seed19000_CAttached_jGCaMP8f_478410_3_mini.mat,1308816,45787319467d8577e318720b57e61444b214773400883507ae7ade09af00e4b0,reference_input
reference_inputs/biophys_ml/Ground_truth/synth_jGCaMP8m_ANM472179_cell02_sraw_ms2_rsraw_bm0p05_trial0/rate=9.0param=2.0_0.45_seed19000_CAttached_jGCaMP8f_478410_5_mini.mat,476272,944b8aa2bf1eea021872458fbd4977b5792794fa82a74fdbafd1cca9df69984b,reference_input
reference_inputs/biophys_ml/Ground_truth/synth_jGCaMP8m_ANM472179_cell02_sraw_ms2_rsraw_bm0p05_trial0/rate=9.0param=2.0_0.45_seed19000_CAttached_jGCaMP8f_478411_2_mini.mat,681480,992e355f66b68e1c670c9d567aeef56ed2bc2cd6c5c662cb8bad27f74fb5c2c4,reference_input
reference_inputs/biophys_ml/Ground_truth/synth_jGCaMP8m_ANM472179_cell02_sraw_ms2_rsraw_bm0p05_trial0/rate=9.0param=2.0_0.45_seed19000_CAttached_jGCaMP8f_478411_5_mini.mat,330936,95892f6616d00b481d5e4805fcd7d38c25434b526ffd30b06737a523da2cbd77,reference_input
reference_inputs/biophys_ml/Ground_truth/synth_jGCaMP8m_ANM472180_cell03_sraw_ms2_rsraw_bm0p05_trial0/rate=9.0param=2.0_0.45_seed19001_CAttached_jGCaMP8f_471993_1_mini.mat,950944,8a470a591d9f2f214857754677c6822a6795fd81912cfd8d593a98182f67fde4,reference_input
reference_inputs/biophys_ml/Ground_truth/synth_jGCaMP8m_ANM472180_cell03_sraw_ms2_rsraw_bm0p05_trial0/rate=9.0param=2.0_0.45_seed19001_CAttached_jGCaMP8f_471993_2_mini.mat,1299848,2ad636f2e02d400b2124760d778c12b0bb91eaff74d32c11b12a2251c35396ed,reference_input
reference_inputs/biophys_ml/Ground_truth/synth_jGCaMP8m_ANM472180_cell03_sraw_ms2_rsraw_bm0p05_trial0/rate=9.0param=2.0_0.45_seed19001_CAttached_jGCaMP8f_471993_3_mini.mat,1415912,c509e6506771b08651637746172b217eb4127e4a3c1e0f2d6e4c99792e6af0f8,reference_input
reference_inputs/biophys_ml/Ground_truth/synth_jGCaMP8m_ANM472180_cell03_sraw_ms2_rsraw_bm0p05_trial0/rate=9.0param=2.0_0.45_seed19001_CAttached_jGCaMP8f_471994_3_mini.mat,261600,05f142ae62435ff26daf1d40f82f2dd8939846b49d95e547755b397f335b9669,reference_input
reference_inputs/biophys_ml/Ground_truth/synth_jGCaMP8m_ANM472180_cell03_sraw_ms2_rsraw_bm0p05_trial0/rate=9.0param=2.0_0.45_seed19001_CAttached_jGCaMP8f_471994_6_mini.mat,227312,9d9d60716a0466e4e7bc9fe5554b5cb76a09b93e01bf423af541a74aeda3f9e9,reference_input
reference_inputs/biophys_ml/Ground_truth/synth_jGCaMP8m_ANM472180_cell03_sraw_ms2_rsraw_bm0p05_trial0/rate=9.0param=2.0_0.45_seed19001_CAttached_jGCaMP8f_471994_7_mini.mat,706000,b79a639d90dc8a1d3c17b1564d9ba6b01f1053436d1d6a0b5005d166247b7b33,reference_input
reference_inputs/biophys_ml/Ground_truth/synth_jGCaMP8m_ANM472180_cell03_sraw_ms2_rsraw_bm0p05_trial0/rate=9.0param=2.0_0.45_seed19001_CAttached_jGCaMP8f_471994_8_mini.mat,139424,9abfa9db02b8773cfb65659b2825a7fe85372856d5ebc5231355292032ab796e,reference_input
reference_inputs/biophys_ml/Ground_truth/synth_jGCaMP8m_ANM472180_cell03_sraw_ms2_rsraw_bm0p05_trial0/rate=9.0param=2.0_0.45_seed19001_CAttached_jGCaMP8f_478342_3_mini.mat,445032,411f4ef2b1f00387dc7c5a32d1a5a2c2c7cb3d800f4d0981bc7d5c4a5f0c2d73,reference_input
reference_inputs/biophys_ml/Ground_truth/synth_jGCaMP8m_ANM472180_cell03_sraw_ms2_rsraw_bm0p05_trial0/rate=9.0param=2.0_0.45_seed19001_CAttached_jGCaMP8f_478349_2_mini.mat,1010504,5559c473ef3cffd106370990a4af7265f86625bc5e952a66c1d6cbf64f6276b2,reference_input
reference_inputs/biophys_ml/Ground_truth/synth_jGCaMP8m_ANM472180_cell03_sraw_ms2_rsraw_bm0p05_trial0/rate=9.0param=2.0_0.45_seed19001_CAttached_jGCaMP8f_478407_1_mini.mat,1590704,4ad010ff5e8f2a1e812558699926c321af18cc3437c61db2c6af06677817a236,reference_input
reference_inputs/biophys_ml/Ground_truth/synth_jGCaMP8m_ANM472180_cell03_sraw_ms2_rsraw_bm0p05_trial0/rate=9.0param=2.0_0.45_seed19001_CAttached_jGCaMP8f_478407_2_mini.mat,458128,1775860ef4d36ffe809e5422eb1857dd766366dd4762a438c7350f09ccd18ae0,reference_input
reference_inputs/biophys_ml/Ground_truth/synth_jGCaMP8m_ANM472180_cell03_sraw_ms2_rsraw_bm0p05_trial0/rate=9.0param=2.0_0.45_seed19001_CAttached_jGCaMP8f_478407_3_mini.mat,659528,5df3308fbcc5238f36994c27d2e75db63841a6854525ca63437eb20d92ef79b4,reference_input
reference_inputs/biophys_ml/Ground_truth/synth_jGCaMP8m_ANM472180_cell03_sraw_ms2_rsraw_bm0p05_trial0/rate=9.0param=2.0_0.45_seed19001_CAttached_jGCaMP8f_478407_4_mini.mat,488216,e81750615dc25b2990239f5228606feb9085e47a2fd5b61d7eda0a8e9703b202,reference_input
reference_inputs/biophys_ml/Ground_truth/synth_jGCaMP8m_ANM472180_cell03_sraw_ms2_rsraw_bm0p05_trial0/rate=9.0param=2.0_0.45_seed19001_CAttached_jGCaMP8f_478410_4_mini.mat,308112,5e61916daab2cb7b03726a9273ca5670e9d56b571353167712cbc5b89397e5c0,reference_input
reference_inputs/biophys_ml/Ground_truth/synth_jGCaMP8m_ANM472180_cell03_sraw_ms2_rsraw_bm0p05_trial0/rate=9.0param=2.0_0.45_seed19001_CAttached_jGCaMP8f_478410_5_mini.mat,476648,2525441b18d0e2af736a7277eabebe5ca68d0831b02547e88cc995127fdf6cb0,reference_input
reference_inputs/biophys_ml/Ground_truth/synth_jGCaMP8m_ANM472180_cell03_sraw_ms2_rsraw_bm0p05_trial0/rate=9.0param=2.0_0.45_seed19001_CAttached_jGCaMP8f_478411_2_mini.mat,681344,159db9356166aca25f0e70696cac946f81e145e7e8f3a72a29fc95727e416156,reference_input
reference_inputs/biophys_ml/Ground_truth/synth_jGCaMP8m_ANM472180_cell03_sraw_ms2_rsraw_bm0p05_trial0/rate=9.0param=2.0_0.45_seed19001_CAttached_jGCaMP8f_478411_4_mini.mat,1092960,eb9fde2d41035153933681ab5455acaa7a1879eda23dbcd68871e0e1e475e010,reference_input
reference_inputs/biophys_ml/Ground_truth/synth_jGCaMP8m_ANM472180_cell03_sraw_ms2_rsraw_bm0p05_trial0/rate=9.0param=2.0_0.45_seed19001_CAttached_jGCaMP8f_478411_5_mini.mat,331152,3bc0a3d0ba8b743beab5caf5847879b140e21d5bfa8295b482437dc86ae2387f,reference_input
reference_inputs/biophys_ml/Ground_truth/synth_jGCaMP8m_ANM472180_cell03_sraw_ms2_rsraw_bm0p05_trial0/rate=9.0param=2.0_0.45_seed19001_CAttached_jGCaMP8f_478411_6_mini.mat,559800,8cce9c0ff655523b2cf5dd9992069d13a54e23bda4284aff7054427fa4f1bab8,reference_input
reference_inputs/biophys_ml/param_samples_jGCaMP8f_ANM478349_cell04_sraw_ms2_rsraw_bm0p03_trial0.dat,20649,ed598ed15a415f1acbebd3844ddb2cc770a4fef064d1d2279a243be6f25a9c53,reference_input
reference_inputs/biophys_ml/param_samples_jGCaMP8m_ANM472179_cell02_sraw_ms2_rsraw_bm0p05_trial0.dat,20433,d92ade6892f9b24ec9cff6b75844b65da307bd855514da9594c830f45ff307f2,reference_input
reference_inputs/biophys_ml/param_samples_jGCaMP8m_ANM472180_cell03_sraw_ms2_rsraw_bm0p05_trial0.dat,20428,cad6a8d2c4b717d4027f8ea82ff158896d04b5f28f704505f0552e1583cafb36,reference_input
reference_inputs/edges/excitatory_jG8m_edges_2000pts.npy,5937,7baf52737ff5f8f5b13d05f17aa96e2e5c3b896c68b6368031f6d31e966d6015,reference_input
reference_inputs/edges/excitatory_time_stamp_edges.npy,4805,af4fbe0345b83f2e0e7bfa64d05f3a960e6e04ce322dab8c7aaf32b8e3633d4a,reference_input
reference_inputs/synthetic_noise/gt_noise_dir/CAttached_jGCaMP8f_471993_1_mini.mat,435857,60005c37d33dbdce57ebfd2252b111cd25aa6af548cb4b35ffc7672ca354892a,reference_input
reference_inputs/synthetic_noise/gt_noise_dir/CAttached_jGCaMP8f_471993_2_mini.mat,596551,f4b3dc8b156e289c92646709d48ebeceb12ca38834d4e3923b4d9dc4cef9d415,reference_input
reference_inputs/synthetic_noise/gt_noise_dir/CAttached_jGCaMP8f_471993_3_mini.mat,646420,2371b74c6ffe89abc363db6acbefb3682d79f95a5bc08dbbe0d9cef6b9c8e979,reference_input
reference_inputs/synthetic_noise/gt_noise_dir/CAttached_jGCaMP8f_471994_1_mini.mat,50071,8a8a73dcf88cf93c4941c8f8bda925eb362304183cc445ec6806053d5fe72abb,reference_input
reference_inputs/synthetic_noise/gt_noise_dir/CAttached_jGCaMP8f_471994_2_mini.mat,367732,3ce5bdc3e84cf868718eaddb757dbe494f3e81f40921e8f002e4c80e29ddf2d0,reference_input
reference_inputs/synthetic_noise/gt_noise_dir/CAttached_jGCaMP8f_471994_3_mini.mat,121957,06d429f2f2f0d3f27019f7d112df6329d7bf7928ba9dff264e5276ee2012c5e1,reference_input
reference_inputs/synthetic_noise/gt_noise_dir/CAttached_jGCaMP8f_471994_4_mini.mat,167362,e4382ea38040dfc078fe4c759d7386a016690f3cd4ce3ddc23e73961b2aff1f2,reference_input
reference_inputs/synthetic_noise/gt_noise_dir/CAttached_jGCaMP8f_471994_5_mini.mat,343636,9ca3c0fbfaf6cd65ef6a9e111ffe8aafc13899605e187265f3c84ad578dbb6f6,reference_input
reference_inputs/synthetic_noise/gt_noise_dir/CAttached_jGCaMP8f_471994_6_mini.mat,102506,f983336ce318f6145a9e0a4a5cae3fc6cb8d97036f86ffc49b255458a012c9fc,reference_input
reference_inputs/synthetic_noise/gt_noise_dir/CAttached_jGCaMP8f_471994_7_mini.mat,326248,e41011630ebdf80919ef83c22b99d10b3a1a2a50730a03eda10a73e43eea44a0,reference_input
reference_inputs/synthetic_noise/gt_noise_dir/CAttached_jGCaMP8f_471994_8_mini.mat,65278,4f33685fcfe7d3bbe7978a35f7e7f00d054c7908918ac6b5c9f8bb3802a36a51,reference_input
reference_inputs/synthetic_noise/gt_noise_dir/CAttached_jGCaMP8f_478342_1_mini.mat,160928,b64682b7acea48595aaece529105b306865948087c95fedf045821d39563ad9d,reference_input
reference_inputs/synthetic_noise/gt_noise_dir/CAttached_jGCaMP8f_478342_3_mini.mat,205521,987d817601c44feeb3e12cd2c3b0b8d4d47f827cd8ad8117bdb4a3e51fdf758d,reference_input
reference_inputs/synthetic_noise/gt_noise_dir/CAttached_jGCaMP8f_478348_1_mini.mat,636023,201d9aaf9267ac90982f0207ee0d2c16fd8c04d16851cdc9f9dbf9175b2e8324,reference_input
reference_inputs/synthetic_noise/gt_noise_dir/CAttached_jGCaMP8f_478349_1_mini.mat,314604,5265f98b0d5cd4b908cc06b70f4e0ac879431cb2cefb9baf74c8b7f7a5c6914f,reference_input
reference_inputs/synthetic_noise/gt_noise_dir/CAttached_jGCaMP8f_478349_2_mini.mat,460954,a646d0589b78e3f4f3effaca469580ef0620395d63bc9ec5d4d3a264dc6a5a72,reference_input
reference_inputs/synthetic_noise/gt_noise_dir/CAttached_jGCaMP8f_478349_3_mini.mat,284773,89e5d620adb27cb452ff58b4b31b09f3701cac42d72976cee7d85b88014a10fe,reference_input
reference_inputs/synthetic_noise/gt_noise_dir/CAttached_jGCaMP8f_478349_4_mini.mat,473693,33605d233b40ea1303981b7152dd04fd2d3249e98d4d96dc55cdef3e67da4440,reference_input
reference_inputs/synthetic_noise/gt_noise_dir/CAttached_jGCaMP8f_478349_5_mini.mat,135400,c43caaff2e5d2e22f6619bd0b317293895bae58e4cae72e65af88778702418a8,reference_input
reference_inputs/synthetic_noise/gt_noise_dir/CAttached_jGCaMP8f_478349_7_mini.mat,542493,9d5658e4d86ebb7c55ebb378759ad65fe4309f493c43acaa521271c9117ea761,reference_input
reference_inputs/synthetic_noise/gt_noise_dir/CAttached_jGCaMP8f_478407_1_mini.mat,733656,7d7bb20fce85878b3d420eea117905822b5ae560f73c699fcfdbec9a3607aa0e,reference_input
reference_inputs/synthetic_noise/gt_noise_dir/CAttached_jGCaMP8f_478407_2_mini.mat,209554,466b8f6632f94a2003a3d2f74a6cdce02a9cef27d32a22760b845359c1ad1fa7,reference_input
reference_inputs/synthetic_noise/gt_noise_dir/CAttached_jGCaMP8f_478407_3_mini.mat,299088,09ef568793593f0995745f89d86c4a13521f5aef270f147192c113de78ac18e4,reference_input
reference_inputs/synthetic_noise/gt_noise_dir/CAttached_jGCaMP8f_478407_4_mini.mat,223114,99387650dc63ead942f4a0de3a2d1c3fe8be4b49d652e987c5d37a7c0c419fbd,reference_input
reference_inputs/synthetic_noise/gt_noise_dir/CAttached_jGCaMP8f_478407_5_mini.mat,155734,f51382f549a3ed9f8c6594af486442e489045d853d7fc88f929a6cf4b5c92c2a,reference_input
reference_inputs/synthetic_noise/gt_noise_dir/CAttached_jGCaMP8f_478407_7_mini.mat,179230,d45fc5333f25b3b1b92912e859d0cdf7372ae7bc06be7aae2e7c413591e773e4,reference_input
reference_inputs/synthetic_noise/gt_noise_dir/CAttached_jGCaMP8f_478410_1_mini.mat,293529,2fd16b7101585450e2627f58bdabeebf8b98b96d469146f19be914a567c6ac12,reference_input
reference_inputs/synthetic_noise/gt_noise_dir/CAttached_jGCaMP8f_478410_3_mini.mat,585348,0dca0d585cdb322aa90bc44869b87c2d20e4afcdac942f846e86aef0557754ae,reference_input
reference_inputs/synthetic_noise/gt_noise_dir/CAttached_jGCaMP8f_478410_4_mini.mat,140113,651ebe98c41af81209ed62b5210cc2e4e0db409ec0f50c363ec4cae85a769f7e,reference_input
reference_inputs/synthetic_noise/gt_noise_dir/CAttached_jGCaMP8f_478410_5_mini.mat,216034,6bb38f17ae066047ad7cdc99adcef5538e7c59fbcebedb1c8892ae9106e1de25,reference_input
reference_inputs/synthetic_noise/gt_noise_dir/CAttached_jGCaMP8f_478410_6_mini.mat,53623,1f4fd8f7c5f42ae8e46d28b98a96608da20ace8afc8d3d8f90234df9ab72a9ff,reference_input
reference_inputs/synthetic_noise/gt_noise_dir/CAttached_jGCaMP8f_478411_1_mini.mat,567216,2ad045b2b8e323d1ec6acd82aebb84e62321e70d4dbb512f32c7ebfefe36e409,reference_input
reference_inputs/synthetic_noise/gt_noise_dir/CAttached_jGCaMP8f_478411_2_mini.mat,315028,9f7147ba9e003b0d65e7033426b3e02bec03e2506cb1b8d9a2081af78478920c,reference_input
reference_inputs/synthetic_noise/gt_noise_dir/CAttached_jGCaMP8f_478411_3_mini.mat,483407,9e911deecde2822bf6fa995cf23f2443c4e2649a906dd6ff9b4d6a33ed4bb82c,reference_input
reference_inputs/synthetic_noise/gt_noise_dir/CAttached_jGCaMP8f_478411_4_mini.mat,488013,c3b577a7db62a670df6a8f9057ff97dc0af2d87843fbbce04aafba2270a84299,reference_input
reference_inputs/synthetic_noise/gt_noise_dir/CAttached_jGCaMP8f_478411_5_mini.mat,151448,e2afad50756877dde08d6d77d6f0dbf04a34b82c419c478ba649e2907a866541,reference_input
reference_inputs/synthetic_noise/gt_noise_dir/CAttached_jGCaMP8f_478411_6_mini.mat,261429,bf83d2139aa564345a3046ced3e4304de35e72f98db6da3a8cdad0e30fd77b6e,reference_input
reference_inputs/synthetic_noise/gt_noise_dir/gt_noise_test/CAttached_jGCaMP8f_471993_1_mini.mat,435857,60005c37d33dbdce57ebfd2252b111cd25aa6af548cb4b35ffc7672ca354892a,reference_input
reference_outputs/paper_summaries/method_series_map.csv,3601,0719a8261dec392063c7845e7f02bd404429f07ab35c9f2db05a5833fc13e168,paper_reference_summary_enriched
reference_outputs/paper_summaries/original/trialwise_correlations_jG8f.csv,1824488,19aca55a5263aa0c25dee22ff2d85439d63544bb7e973e240d79b6052e22bc11,paper_reference_summary_original
reference_outputs/paper_summaries/original/trialwise_correlations_jG8f_param_comparison.csv,445196,8b65369d01d880952db87d0fac112e828b6cd6130316998969b9a52e4f5c6751,paper_reference_summary_original
reference_outputs/paper_summaries/original/trialwise_correlations_jG8m.csv,1061472,6f3a02cc282e7d98d1a05d33f99968952e16062c1f41b0a801a6890ee9ad0f29,paper_reference_summary_original
reference_outputs/paper_summaries/pgas_reference_epoch_parameters.csv,612264,67ead36c18bc16d00bb52d79f302a841602f94c572e41ed2a92bb7ee2f1ce14a,paper_reference_summary_enriched
reference_outputs/paper_summaries/pgas_reference_seed_match_recommended_epochs.csv,1499,b864b890a129791d3b92e80cb604501ac228c6de16504e690488b87b15c6d316,paper_reference_summary_enriched
reference_outputs/paper_summaries/trialwise_correlations_jG8f.csv,5231970,dfeb4ccafabda6f5e4e426f09e13c28c2740c5e325815eeec734eb62a0f8c607,paper_reference_summary_enriched
reference_outputs/paper_summaries/trialwise_correlations_jG8m.csv,2149827,d2ec42d1e03ed7114e8d5b073d4fd2e1e0936f0ad55ff87be33aba5d6b8c035e,paper_reference_summary_enriched
sample_data/janelia_8f/excitatory/jGCaMP8f_ANM471993_cell01.mat,1577368,4395807cca1d6bc342d1f720169256733ced25b6090a61c4ec1ddbe745d24569,input_sample_data
sample_data/janelia_8f/excitatory/jGCaMP8f_ANM471993_cell02.mat,1890312,cc5230869f2f5d70733a39028c536ff800eae55295f56413144c5826646f72f4,input_sample_data
sample_data/janelia_8f/excitatory/jGCaMP8f_ANM471993_cell03.mat,2844920,ce37a3632373e0163f90f7d639d252bcdb453fcac586c3ed6e8a229a4d0e5805,input_sample_data
sample_data/janelia_8f/excitatory/jGCaMP8f_ANM471994_cell01.mat,1586176,5def40665c7575df0362b173fe1dcc38687b720110efa442824cda94dba557a0,input_sample_data
sample_data/janelia_8f/excitatory/jGCaMP8f_ANM471994_cell02.mat,944728,9eadddf0e5c0dde29c64ac506a8cad30f66e70772ccba049f1b9e8b2653da5f2,input_sample_data
sample_data/janelia_8f/excitatory/jGCaMP8f_ANM471994_cell03.mat,315696,586fb0071af147439c535c2676f4ff9eaafd84ccaa609631dc00b139f4f32a25,input_sample_data
sample_data/janelia_8f/excitatory/jGCaMP8f_ANM471994_cell04.mat,630808,815bf89454974d7ac091cf53734c34398acaa6e3e373a28737b3fb855211cd68,input_sample_data
sample_data/janelia_8f/excitatory/jGCaMP8f_ANM471994_cell05.mat,1576768,590477ae7e3fed22b305c7152db3a3194ee47f7ddb45c22aeaf3bdb00a62c3cf,input_sample_data
sample_data/janelia_8f/excitatory/jGCaMP8f_ANM471994_cell06.mat,315920,0eb5db62b0216c31c1d5b8c8026b9e4e5ecb483e6d01d4d890f461f7f4e23a90,input_sample_data
sample_data/janelia_8f/excitatory/jGCaMP8f_ANM471994_cell07.mat,2526784,2be6fa38fa4f42e28c377ed5f6d59b9b38799870aebd01daaefafc8deeefb606,input_sample_data
sample_data/janelia_8f/excitatory/jGCaMP8f_ANM471994_cell08.mat,316440,15ef8f8163be7e2450c1d7d126d259542766476c76f619d6027fe1a6a6772657,input_sample_data
sample_data/janelia_8f/excitatory/jGCaMP8f_ANM478342_cell01.mat,631656,e32e81c2eefcdd8c47ff06ebbed1779e6cabacb136d5c457e3fe2831bbe95d12,input_sample_data
sample_data/janelia_8f/excitatory/jGCaMP8f_ANM478342_cell03.mat,631640,bdf2e0e39c5ed9600985b3e353a4ef5a2f38b1b25683c866dbb434f8db7bae7c,input_sample_data
sample_data/janelia_8f/excitatory/jGCaMP8f_ANM478348_cell01.mat,1890032,6350e39782e3a2db62440acc31ecc2abc27ea98d430239f10fb87ff49bd4c788,input_sample_data
sample_data/janelia_8f/excitatory/jGCaMP8f_ANM478349_cell01.mat,1896616,bdd92bde50d05831deed706e11d86e48558e7dc5332b313889c8e3f91e645803,input_sample_data
sample_data/janelia_8f/excitatory/jGCaMP8f_ANM478349_cell02.mat,1892248,ae562e878ae5486d4967f05799366b833b14a8aa234a796458bfe491abb87291,input_sample_data
sample_data/janelia_8f/excitatory/jGCaMP8f_ANM478349_cell03.mat,629816,a49bee23aa8edf9e14f94e6394226bdb831cb4288f24b6f63e6d94ce41de9ea5,input_sample_data
sample_data/janelia_8f/excitatory/jGCaMP8f_ANM478349_cell04.mat,1259792,b1db9d876f4c6e794094adf42624e9c46359693c0094d6f14f50897f1f80e730,input_sample_data
sample_data/janelia_8f/excitatory/jGCaMP8f_ANM478349_cell05.mat,631536,81a3208b4c9b4c21abef9bdf0662c2b32b7ae9e5244fd85be8e74b4aba11bfea,input_sample_data
sample_data/janelia_8f/excitatory/jGCaMP8f_ANM478349_cell07.mat,3163720,2fa61e1d57f08cd261d45f4685da4fb14716f6cb8cf3d0c4a24764a0f043143c,input_sample_data
sample_data/janelia_8f/excitatory/jGCaMP8f_ANM478407_cell01.mat,2527488,23e4427fb0e9c8ff0e9c7f8cdcd39659819892a48d66e3efea58f6670120db7e,input_sample_data
sample_data/janelia_8f/excitatory/jGCaMP8f_ANM478407_cell02.mat,630896,4e4f68db2882daa415f885115f5016e23e8be940d5a3f0dfd22f887014993ab0,input_sample_data
sample_data/janelia_8f/excitatory/jGCaMP8f_ANM478407_cell03.mat,631048,9f310f01e9cb3c7a0b887c15e48b61be1941457d8e5bf7d71da0d9a74f3e1c98,input_sample_data
sample_data/janelia_8f/excitatory/jGCaMP8f_ANM478407_cell04.mat,630984,4afae7d1386f1c1605ab0671a99a0077d7494a8a38dc9f55ddfd0118e5bb0fb2,input_sample_data
sample_data/janelia_8f/excitatory/jGCaMP8f_ANM478407_cell05.mat,315960,76948b3ede8b9732a71fbcb153bf895fc492c67a872e6c014e6d19e4ca478083,input_sample_data
sample_data/janelia_8f/excitatory/jGCaMP8f_ANM478407_cell07.mat,632648,ad98bdbebaca87073fff791ee2715a92b75624dd0befbe1a71dd0bb9a638ef16,input_sample_data
sample_data/janelia_8f/excitatory/jGCaMP8f_ANM478410_cell01.mat,630672,c196e7eb636599d1a47edd5246b6945b9780ad384df7e49295f2cc97209a879f,input_sample_data
sample_data/janelia_8f/excitatory/jGCaMP8f_ANM478410_cell03.mat,1259320,338f252f9ed797bff7cc1a4813fe3c5d9040bec4f5a542760f8111e40f8f55fc,input_sample_data
sample_data/janelia_8f/excitatory/jGCaMP8f_ANM478410_cell04.mat,630424,4ce6a22a10138e98efebb98e18cf555d0aae2a2841a3d8460c280fb4f68a2e41,input_sample_data
sample_data/janelia_8f/excitatory/jGCaMP8f_ANM478410_cell05.mat,946816,c0b58ca1079b938db7444d50d73f5f1ea40559793a544c59768d6d7aa11a2d9e,input_sample_data
sample_data/janelia_8f/excitatory/jGCaMP8f_ANM478410_cell06.mat,635200,f7ca9bb33d615a0ff4dd89c6a46972049110772f8a527de4e8598830b1490c34,input_sample_data
sample_data/janelia_8f/excitatory/jGCaMP8f_ANM478411_cell01.mat,2520536,680a819d211761d17be236f93740c4a9a55d3290f2f5f64e2c6dfec13b75bb73,input_sample_data
sample_data/janelia_8f/excitatory/jGCaMP8f_ANM478411_cell02.mat,1581120,96645c558c08b0f503b0e9c57f30fab9e9e5c0ccf92d791c6474097fa1006f67,input_sample_data
sample_data/janelia_8f/excitatory/jGCaMP8f_ANM478411_cell03.mat,1575656,c772efd122e12a9ef35fa8242def52e01acabf422749c925dbd82948ebef4bf4,input_sample_data
sample_data/janelia_8f/excitatory/jGCaMP8f_ANM478411_cell04.mat,1259280,5572a5c9bea9c7f86ee7426feebd25bc10f3c46956e4932590f01f89249e9175,input_sample_data
sample_data/janelia_8f/excitatory/jGCaMP8f_ANM478411_cell05.mat,315880,e296846b6fecc7d2e6c106dd8f6bffd5f0c35e0a03f411f596d3570baa6ffaf0,input_sample_data
sample_data/janelia_8f/excitatory/jGCaMP8f_ANM478411_cell06.mat,947352,582dafdd226b4ecf35c1ba73870f2d48330ef85960d267210ecf2df8650651cc,input_sample_data
sample_data/janelia_8f/inhibitory/jGCaMP8f_ANM478342_cell04.mat,637568,90069f6fe119d58b258b49ac2e46714cd0e4edab4875159eac588cf385515aef,input_sample_data
sample_data/janelia_8f/inhibitory/jGCaMP8f_ANM478349_cell06.mat,683328,989efcf9bf4f9788fecb37018474d9f3c3d27ec952a9091858fa2693d60dc0fb,input_sample_data
sample_data/janelia_8f/inhibitory/jGCaMP8f_ANM478407_cell06.mat,639456,7c8d408afe65c9b0d165734e374d5da5ee0b0b7b92fec0f12289fec375be9eb5,input_sample_data
sample_data/janelia_8m/excitatory/jGCaMP8m_ANM472179_cell02.mat,792978,4e5a0eaadc6810660de18e62f1f1640621f961fd0649419a71bd2cdf375e3fc8,input_sample_data
sample_data/janelia_8m/excitatory/jGCaMP8m_ANM472179_cell03.mat,1425585,342c3e23dc31d7068fba145862d6a32397c098b9cfc49f3dcb8feaeafe720b1e,input_sample_data
sample_data/janelia_8m/excitatory/jGCaMP8m_ANM472179_cell04.mat,812505,5dd0a56618b26e3a1a99a48b51044a757b5adae79b178cf576ebb3a9cbf651b6,input_sample_data
sample_data/janelia_8m/excitatory/jGCaMP8m_ANM472179_cell05.mat,401077,daf69bc56c867cc49ef4a5370464bb6d807a0c1f700455b06e36b033c3a60feb,input_sample_data
sample_data/janelia_8m/excitatory/jGCaMP8m_ANM472180_cell02.mat,1012309,a5e6610e162a9bdd868e6ced85c8014e0a40ec0d6c317fca778e957b700fd6d1,input_sample_data
sample_data/janelia_8m/excitatory/jGCaMP8m_ANM472180_cell03.mat,1223654,a443e8ecbb6b6a1a67ea95075cca588442fe58d80b7726b1d8e59cdb407e8e62,input_sample_data
sample_data/janelia_8m/excitatory/jGCaMP8m_ANM472180_cell04.mat,1220723,8626b3c4a634030391cfbd920a1be1c5de8beeb1c7c3fda34e02b20a7c4fdf96,input_sample_data
sample_data/janelia_8m/excitatory/jGCaMP8m_ANM472180_cell05.mat,204470,3339facf152e3bebc4963235e97e10e09ec1b18e6e7430f81302f39ea4e1e498,input_sample_data
sample_data/janelia_8m/excitatory/jGCaMP8m_ANM472180_cell06.mat,1624793,df837d6807dbf7c6ee54a1ec4dcb7b3085cbc162af47031ed7f538a3330970d1,input_sample_data
sample_data/janelia_8m/excitatory/jGCaMP8m_ANM479115_cell01.mat,1504910,41d43f2801ce84bde2996381c1c959ddcedd9f551c3edde920cb95c2bf168888,input_sample_data
sample_data/janelia_8m/excitatory/jGCaMP8m_ANM479115_cell02.mat,209104,eba5831476ee20ec4f8798d5a8167d48826b23d4fe275e6c00ed9dd9d1b8c02b,input_sample_data
sample_data/janelia_8m/excitatory/jGCaMP8m_ANM479115_cell03.mat,209792,ca6366203b89a22385085af1faa1ebccea2a779c727b8512385517b2acd3ca0c,input_sample_data
sample_data/janelia_8m/excitatory/jGCaMP8m_ANM479115_cell04.mat,419814,df65ab8a204ed5060e5489b05736b58041f7b9f193168a531daa5c942f9a5ad6,input_sample_data
sample_data/janelia_8m/excitatory/jGCaMP8m_ANM479115_cell05.mat,853696,5867d4976a9bf08d693d4dc53009c860149a122bb7928683c0b3ba283c5049f6,input_sample_data
sample_data/janelia_8m/excitatory/jGCaMP8m_ANM479115_cell06.mat,1086032,f5e2e586b273dc39e4c4634944ab212d095d5c737fba043198c7c0d6c0667ec3,input_sample_data
sample_data/janelia_8m/excitatory/jGCaMP8m_ANM479115_cell07.mat,427602,9b6f9d506c7013361c9c41420c142382e30000bafa9b39a0b1a5cbca1c4efb5b,input_sample_data
sample_data/janelia_8m/excitatory/jGCaMP8m_ANM479115_cell09.mat,1743559,9e96075c4fcfa6356036b59f59df87cfa8c2cd250c068607796ce4e4299b87e1,input_sample_data
sample_data/janelia_8m/excitatory/jGCaMP8m_ANM479117_cell01.mat,1654242,e0b1b885aa5b7aca977fbf59bfb5672ff579e12812c10d8df8cf64d7a2c88592,input_sample_data
sample_data/janelia_8m/excitatory/jGCaMP8m_ANM479117_cell02.mat,1422637,b937cd750b978c9c33a405baa35e6d4a53b6212f43614159173ae5f3133527a2,input_sample_data
sample_data/janelia_8m/excitatory/jGCaMP8m_ANM479117_cell03.mat,804422,c4d27085eed28a6702f23a294b8343bf83ff7ed4b1d86b4ff6ae38bc226a1c45,input_sample_data
sample_data/janelia_8m/excitatory/jGCaMP8m_ANM479117_cell04.mat,398573,e26379fe42ff83f06e0ce69bb7ba04ccbde0d935405c8147fb7282db151282e9,input_sample_data
sample_data/janelia_8m/excitatory/jGCaMP8m_ANM479117_cell05.mat,1025059,4b4b1488aebaf358b33ada68c55876e3810608f25c493a22d043f2627644695c,input_sample_data
sample_data/janelia_8m/excitatory/jGCaMP8m_ANM479117_cell06.mat,1639964,f7c31a74a2ecf6424e21e9996ab882c6970662b5d0098fc5e5867cde8b59d30d,input_sample_data
sample_data/janelia_8m/excitatory/jGCaMP8m_ANM479117_cell07.mat,802720,2fa20157ff58fd84423583e1483f22260bceb79673270cf7dbaf492ee17e22e1,input_sample_data
sample_data/janelia_8m/excitatory/jGCaMP8m_ANM479118_cell01.mat,584592,1b8e26636f93a32a24d4da463b88719c4ef374d8ef0f0c63854f64aa49b6ef63,input_sample_data
sample_data/janelia_8m/excitatory/jGCaMP8m_ANM479118_cell02.mat,1208300,175eac414ecfae07b87e81fbec2dcf747c958e78d8284b7012bf4069d2b09673,input_sample_data
sample_data/janelia_8m/excitatory/jGCaMP8m_ANM479118_cell04.mat,1001007,717cea72f288356ea6205d8cdb026900211f7c7eb0718b7de94d3d8a94a74e8a,input_sample_data
sample_data/janelia_8m/excitatory/jGCaMP8m_ANM479118_cell05.mat,793040,22131d224522c894ee51284dbe98fad074038115eef2582abb8dc45580226b24,input_sample_data
sample_data/janelia_8m/excitatory/jGCaMP8m_ANM479118_cell06.mat,1198210,4e7d4cd0cf35fe24e1752b5941d6e73242c995cc62056f33d4dccb42024a00ce,input_sample_data
sample_data/janelia_8m/excitatory/jGCaMP8m_ANM479569_cell01.mat,1198210,4e7d4cd0cf35fe24e1752b5941d6e73242c995cc62056f33d4dccb42024a00ce,input_sample_data
sample_data/janelia_8m/excitatory/jGCaMP8m_ANM479569_cell02.mat,416243,f76a3870f14ce78b0ba9989b653f86c6d89b6a23ed280c82d6bb7e4f30e5b0d0,input_sample_data
sample_data/janelia_8m/excitatory/jGCaMP8m_ANM479569_cell03.mat,1489330,055358249a2d1f8b132f9035335b456313d25a345de146985efc2642fc654fb6,input_sample_data
sample_data/janelia_8m/excitatory/jGCaMP8m_ANM479569_cell04.mat,1473889,c1a0d72b3fe10ccbea22495137b66e837c7e5fc57dd66dc8e0a708f86095c190,input_sample_data
sample_data/janelia_8m/excitatory/jGCaMP8m_ANM479569_cell05.mat,204057,a5fca2de39e5bfa180024b2ce6a919f2117783ac2f46dd65573251726ead2ade,input_sample_data
sample_data/janelia_8m/excitatory/jGCaMP8m_ANM479569_cell06.mat,1485949,0b5c0878fa16c2316cb7113f4ac277f1a86848ed27b41c1089f13c909c2e93ab,input_sample_data
sample_data/janelia_8m/excitatory/jGCaMP8m_ANM479569_cell07.mat,833740,cf92aa25e61e53e22008ea05a35c8b562c959d37507a2c680fd10c1677615408,input_sample_data
sample_data/janelia_8m/excitatory/jGCaMP8m_ANM479569_cell08.mat,624812,92967f4869d7c37bf06a672a4f1dbd0f9d09a850194f8c1695eb0b7c1b5a36fe,input_sample_data
sample_data/janelia_8m/excitatory/jGCaMP8m_ANM479570_cell01.mat,624812,92967f4869d7c37bf06a672a4f1dbd0f9d09a850194f8c1695eb0b7c1b5a36fe,input_sample_data
sample_data/janelia_8m/excitatory/jGCaMP8m_ANM479570_cell02.mat,424222,5a10634d825cb99bb56646edd5e7bcf0b9324bb5908d58388458db2ae4f10b3e,input_sample_data
sample_data/janelia_8m/excitatory/jGCaMP8m_ANM479570_cell03.mat,1293489,48d346e6969ee0b7138ef7e55084b23189b4e7fd6913edc4512b819aadd27077,input_sample_data
sample_data/janelia_8m/excitatory/jGCaMP8m_ANM479570_cell04.mat,1738934,80b38944d43288288038ec08287aeaf794cd7bc372e8f8bf504d823212b9f655,input_sample_data
sample_data/janelia_8m/excitatory/jGCaMP8m_ANM479570_cell05.mat,633018,f3984df41a16c91f3c6f908ba27f108af4dd244cba26e8e9544af2110f582380,input_sample_data
